{
  "n_turns_evaluated": 80,
  "require_full_diagnostic_depth": false,
  "full_diagnostic_depth": 1000,
  "available_cutoffs": [
    1,
    5,
    10,
    20,
    50,
    100,
    200,
    500,
    1000
  ],
  "min_pool_depth": 1000,
  "max_pool_depth": 1000,
  "n_shallow_rows": 0,
  "ndcg@1": 0.037500000000000006,
  "ndcg@10": 0.10163033862664768,
  "ndcg@20": 0.1260358238032005,
  "ndcg@5": 0.07887265293782722,
  "ndcg@50": 0.1541597691314426,
  "ndcg@100": 0.16637979463809716,
  "ndcg@200": 0.18583399227360514,
  "ndcg@500": 0.1916361016984397,
  "ndcg@1000": 0.1981524968453438,
  "hit@1": 0.037500000000000006,
  "hit@5": 0.125,
  "hit@10": 0.2,
  "hit@20": 0.3,
  "hit@50": 0.4375,
  "hit@100": 0.5125,
  "hit@200": 0.65,
  "hit@500": 0.7,
  "hit@1000": 0.7625,
  "recall@1": 0.037500000000000006,
  "recall@5": 0.125,
  "recall@10": 0.2,
  "recall@20": 0.3,
  "recall@50": 0.4375,
  "recall@100": 0.5125,
  "recall@200": 0.65,
  "recall@500": 0.7,
  "recall@1000": 0.7625,
  "mrr": 0.08592068000982507,
  "mrr@100": 0.0846605051197421,
  "mrr@200": 0.08570867434691096,
  "mrr@500": 0.08583817133354885,
  "mrr@1000": 0.08592068000982507,
  "mean_rank_when_found": 132.01639344262296,
  "median_rank_when_found": 28.0,
  "pct_gt_not_in_top20": 0.7,
  "pct_gt_not_in_top100": 0.4875,
  "pct_gt_not_in_top200": 0.35,
  "pct_gt_not_in_top500": 0.3,
  "pct_gt_not_in_top1000": 0.2375,
  "per_turn": {
    "1": {
      "n": 10,
      "ndcg@20": 0.2472320790815179,
      "hit@20": 0.4,
      "hit@100": 0.6
    },
    "2": {
      "n": 10,
      "ndcg@20": 0.15510157686707496,
      "hit@20": 0.5,
      "hit@100": 0.8
    },
    "3": {
      "n": 10,
      "ndcg@20": 0.12899427942264852,
      "hit@20": 0.4,
      "hit@100": 0.7
    },
    "4": {
      "n": 10,
      "ndcg@20": 0.07317065537373743,
      "hit@20": 0.2,
      "hit@100": 0.4
    },
    "5": {
      "n": 10,
      "ndcg@20": 0.0861353116146786,
      "hit@20": 0.2,
      "hit@100": 0.4
    },
    "6": {
      "n": 10,
      "ndcg@20": 0.05024620016053251,
      "hit@20": 0.2,
      "hit@100": 0.4
    },
    "7": {
      "n": 10,
      "ndcg@20": 0.13586000022684105,
      "hit@20": 0.3,
      "hit@100": 0.3
    },
    "8": {
      "n": 10,
      "ndcg@20": 0.13154648767857288,
      "hit@20": 0.2,
      "hit@100": 0.5
    }
  }
}
