{
  "hit@1": 0.065625,
  "hit@5": 0.2005,
  "hit@10": 0.2915,
  "hit@20": 0.38175,
  "hit@50": 0.498625,
  "ndcg@20": 0.18599427430572174,
  "n_playable": 6618,
  "playable_share": 0.82725,
  "conditional_ndcg@20": 0.22483442043604926
}